vehicle_id,ambient_temp_c,impedance_r0_mohm,impedance_rct_mohm,baseline_range_km,observed_range_km,range_loss_pct
V001,20,45,85,410,410,0
V001,-5,60,120,410,335,18.2926829268
V001,-15,78,170,410,290,29.2682926829
V002,20,48,90,520,520,0
V002,-10,70,150,520,400,23.0769230769
